{
  "version": 1.0,
  "ControllerList": [
    {
      "name": "00嘴巴变大变小",
      "id": 28,
      "affectedBSIndexList": [
        {
          "index": 74,
          "min": 0.2,
          "max": -0.2,
          "name": "Mouth_01"
        },
        {
          "index": 75,
          "min": -0.2,
          "max": 0.2,
          "name": "Mouth_02"
        }
      ],
      "affectedBoneNameList": [
        "xxx",
        "yyy",
        "zzz"
      ]
    },
    {
      "name": "00嘴巴变宽变窄",
      "id": 29,
      "affectedBSIndexList": [
        {
          "index": 76,
          "min": 1.0,
          "max": -1.0,
          "name": "Mouth_01"
        },
        {
          "index": 77,
          "min": -1.0,
          "max": 1.0,
          "name": "Mouth_02"
        }
      ],
      "affectedBoneNameList": [
        "xxx",
        "yyy",
        "zzz"
      ]
    },
    {
      "name": "00嘴巴上下移动",
      "id": 30,
      "affectedBSIndexList": [
        {
          "index": 78,
          "min": 1.0,
          "max": -1.0,
          "name": "Mouth_01"
        },
        {
          "index": 79,
          "min": -1.0,
          "max": 1.0,
          "name": "Mouth_02"
        }
      ],
      "affectedBoneNameList": [
        "xxx",
        "yyy",
        "zzz"
      ]
    },
    {
      "name": "00嘴巴向前突出向后",
      "id": 31,
      "affectedBSIndexList": [
        {
          "index": 80,
          "min": 1.0,
          "max": -1.0,
          "name": "Mouth_01"
        },
        {
          "index": 81,
          "min": -1.0,
          "max": 1.0,
          "name": "Mouth_02"
        }
      ],
      "affectedBoneNameList": [
        "xxx",
        "yyy",
        "zzz"
      ]
    },
    {
      "name": "00嘴角上扬下撇",
      "id": 32,
      "affectedBSIndexList": [
        {
          "index": 82,
          "min": 1.0,
          "max": -1.0,
          "name": "Mouth_01"
        },
        {
          "index": 83,
          "min": -1.0,
          "max": 1.0,
          "name": "Mouth_02"
        }
      ],
      "affectedBoneNameList": [
        "xxx",
        "yyy",
        "zzz"
      ]
    },
    {
      "name": "00人中上移下移",
      "id": 33,
      "affectedBSIndexList": [
        {
          "index": 84,
          "min": 1.0,
          "max": -1.0,
          "name": "Mouth_01"
        },
        {
          "index": 85,
          "min": -1.0,
          "max": 1.0,
          "name": "Mouth_02"
        }
      ],
      "affectedBoneNameList": [
        "xxx",
        "yyy",
        "zzz"
      ]
    },
    {
      "name": "00嘴峰变宽变窄",
      "id": 34,
      "affectedBSIndexList": [
        {
          "index": 86,
          "min": 1.0,
          "max": -1.0,
          "name": "Mouth_01"
        },
        {
          "index": 87,
          "min": -1.0,
          "max": 1.0,
          "name": "Mouth_02"
        }
      ],
      "affectedBoneNameList": [
        "xxx",
        "yyy",
        "zzz"
      ]
    },
    {
      "name": "00上嘴变厚变薄",
      "id": 35,
      "affectedBSIndexList": [
        {
          "index": 88,
          "min": 1.0,
          "max": -1.0,
          "name": "Mouth_01"
        },
        {
          "index": 89,
          "min": -1.0,
          "max": 1.0,
          "name": "Mouth_02"
        }
      ],
      "affectedBoneNameList": [
        "xxx",
        "yyy",
        "zzz"
      ]
    },
    {
      "name": "00上嘴峰变高变低",
      "id": 36,
      "affectedBSIndexList": [
        {
          "index": 90,
          "min": 1.0,
          "max": -1.0,
          "name": "Mouth_01"
        },
        {
          "index": 91,
          "min": -1.0,
          "max": 1.0,
          "name": "Mouth_02"
        }
      ],
      "affectedBoneNameList": [
        "xxx",
        "yyy",
        "zzz"
      ]
    },
    {
      "name": "00上嘴唇突出向下",
      "id": 37,
      "affectedBSIndexList": [
        {
          "index": 92,
          "min": 1.0,
          "max": -1.0,
          "name": "Mouth_01"
        },
        {
          "index": 93,
          "min": -1.0,
          "max": 1.0,
          "name": "Mouth_02"
        }
      ],
      "affectedBoneNameList": [
        "xxx",
        "yyy",
        "zzz"
      ]
    },
    {
      "name": "00唇珠向上向下",
      "id": 38,
      "affectedBSIndexList": [
        {
          "index": 94,
          "min": 1.0,
          "max": -1.0,
          "name": "Mouth_01"
        },
        {
          "index": 95,
          "min": -1.0,
          "max": 1.0,
          "name": "Mouth_02"
        }
      ],
      "affectedBoneNameList": [
        "xxx",
        "yyy",
        "zzz"
      ]
    },
    {
      "name": "00唇线向上向下",
      "id": 39,
      "affectedBSIndexList": [
        {
          "index": 96,
          "min": 1.0,
          "max": -1.0,
          "name": "Mouth_01"
        },
        {
          "index": 97,
          "min": -1.0,
          "max": 1.0,
          "name": "Mouth_02"
        }
      ],
      "affectedBoneNameList": [
        "xxx",
        "yyy",
        "zzz"
      ]
    },
    {
      "name": "00下唇变厚变薄",
      "id": 40,
      "affectedBSIndexList": [
        {
          "index": 98,
          "min": 1.0,
          "max": -1.0,
          "name": "Mouth_01"
        },
        {
          "index": 99,
          "min": -1.0,
          "max": 1.0,
          "name": "Mouth_02"
        }
      ],
      "affectedBoneNameList": [
        "xxx",
        "yyy",
        "zzz"
      ]
    },
    {
      "name": "00下唇峰上移下移",
      "id": 41,
      "affectedBSIndexList": [
        {
          "index": 100,
          "min": 1.0,
          "max": -1.0,
          "name": "Mouth_01"
        },
        {
          "index": 101,
          "min": -1.0,
          "max": 1.0,
          "name": "Mouth_02"
        }
      ],
      "affectedBoneNameList": [
        "xxx",
        "yyy",
        "zzz"
      ]
    },
    {
      "name": "00下唇两侧上移下移",
      "id": 42,
      "affectedBSIndexList": [
        {
          "index": 102,
          "min": 1.0,
          "max": -1.0,
          "name": "Mouth_01"
        },
        {
          "index": 103,
          "min": -1.0,
          "max": 1.0,
          "name": "Mouth_02"
        }
      ],
      "affectedBoneNameList": [
        "xxx",
        "yyy",
        "zzz"
      ]
    },
    {
      "name": "00嘴角变宽变细",
      "id": 43,
      "affectedBSIndexList": [
        {
          "index": 104,
          "min": 1.0,
          "max": -1.0,
          "name": "Mouth_01"
        },
        {
          "index": 105,
          "min": -1.0,
          "max": 1.0,
          "name": "Mouth_02"
        }
      ],
      "affectedBoneNameList": [
        "xxx",
        "yyy",
        "zzz"
      ]
    },
    {
      "name": "额头高低111111111",
      "id": 46,
      "affectedBSIndexList": [
        {
          "index": 70,
          "min": 1.0,
          "max": -1.0,
          "name": "Mouth_01"
        },
        {
          "index": 71,
          "min": -1.0,
          "max": 1.0,
          "name": "Mouth_02"
        }
      ],
      "affectedBoneNameList": [
        "xxx",
        "yyy",
        "zzz"
      ]
    },
    {
      "name": "额头宽窄",
      "id": 47,
      "affectedBSIndexList": [
        {
          "index": 72,
          "min": 1.0,
          "max": -1.0,
          "name": "Mouth_01"
        },
        {
          "index": 73,
          "min": -1.0,
          "max": 1.0,
          "name": "Mouth_02"
        }
      ],
      "affectedBoneNameList": [
        "xxx",
        "yyy",
        "zzz"
      ]
    },
    {
      "name": "颧骨宽窄",
      "id": 53,
      "affectedBSIndexList": [
        {
          "index": 53,
          "min": 0.3,
          "max": -0.3,
          "name": "Mouth_01"
        },
        {
          "index": 54,
          "min": -0.3,
          "max": 0.3,
          "name": "Mouth_02"
        }
      ],
      "affectedBoneNameList": [
        "xxx",
        "yyy",
        "zzz"
      ]
    },
    {
      "name": "腮部凹凸",
      "id": 54,
      "affectedBSIndexList": [
        {
          "index": 55,
          "min": 0.3,
          "max": -0.3,
          "name": "Mouth_01"
        },
        {
          "index": 56,
          "min": -0.3,
          "max": 0.3,
          "name": "Mouth_02"
        }
      ],
      "affectedBoneNameList": [
        "xxx",
        "yyy",
        "zzz"
      ]
    },
    {
      "name": "下巴长短",
      "id": 49,
      "affectedBSIndexList": [
        {
          "index": 60,
          "min": 0.5,
          "max": -0.5,
          "name": "Mouth_01"
        },
        {
          "index": 66,
          "min": -0.5,
          "max": 0.5,
          "name": "Mouth_02"
        }
      ],
      "affectedBoneNameList": [
        "xxx",
        "yyy",
        "zzz"
      ]
    },
    {
      "name": "下巴尖方",
      "id": 50,
      "affectedBSIndexList": [
        {
          "index": 69,
          "min": 0.5,
          "max": -0.5,
          "name": "Mouth_01"
        },
        {
          "index": 68,
          "min": -0.5,
          "max": 0.5,
          "name": "Mouth_02"
        }
      ],
      "affectedBoneNameList": [
        "xxx",
        "yyy",
        "zzz"
      ]
    },
    {
      "name": "下颚高低",
      "id": 51,
      "affectedBSIndexList": [
        {
          "index": 69,
          "min": 0.5,
          "max": -0.5,
          "name": "Mouth_01"
        },
        {
          "index": 68,
          "min": -0.5,
          "max": 0.5,
          "name": "Mouth_02"
        }
      ],
      "affectedBoneNameList": [
        "xxx",
        "yyy",
        "zzz"
      ]
    },
    {
      "name": "下颚宽窄",
      "id": 52,
      "affectedBSIndexList": [
        {
          "index": 64,
          "min": 0.5,
          "max": -0.5,
          "name": "Mouth_01"
        },
        {
          "index": 57,
          "min": -0.5,
          "max": 0.5,
          "name": "Mouth_02"
        }
      ],
      "affectedBoneNameList": [
        "xxx",
        "yyy",
        "zzz"
      ]
    }
  ]
}
